{"description":"Contact Card for Tyler M. Neher","formatVersion":1,"passTypeIdentifier":"pass.com.tylermneher.contact-card-2","serialNumber":"6969669","teamIdentifier":"7QAM3LGSSC","barcode":{"message":"https://resume.tylermneher.me","format":"PKBarcodeFormatQR","messageEncoding":"iso-8859-1","altText":"Tyler's Resume"},"organizationName":"Neher & Co Data Systems LLC","logoText":"Tyler M. Neher","foregroundColor":"rgb(255, 255, 255)","backgroundColor":"rgb(50, 125, 168)","locations":[{"altitude":10,"latitude":40.3084,"longitude":-74.0698,"relevantText":"NDS Secretariat"}],"thumbnail":"blob:https://pkvd.app/f0993e13-1b07-462b-b40c-c983a9fa5c52","generic":{"headerFields":[{}],"auxiliaryFields":[{"key":"workcellfront","dataDetectorType":"PKDataDetectorTypePhoneNumber","label":"Work Cell","value":"+17326143717"},{"key":"workmailfront","label":"EMAIL","value":"tyler@neherdata.com","textAlignment":"PKTextAlignmentRight"}],"primaryFields":[{"key":"whoami","label":"whoami","value":"Tyler M. Neher","textAlignment":"PKTextAlignmentLeft"}],"secondaryFields":[{"key":"job","label":"Owner","value":"Neher Data Systems"}],"backFields":[{"key":"personalcellback","dataDetectorType":"PKDataDetectorTypePhoneNumber","label":"Personal Cell","value":"+17322755997","dataDetectorTypes":"PKDataDetectorTypePhoneNumber","textAlignment":"PKTextAlignmentCenter"},{"key":"workcellback","dataDetectorType":"PKDataDetectorTypePhoneNumber","label":"Work Cell","value":"+17326143717","dataDetectorTypes":"PKDataDetectorTypePhoneNumber","textAlignment":"PKTextAlignmentCenter"},{"key":"workmailback","label":"Workmail","attributedValue":"<a href='mailto:tyler@neherdata.com'>tyler@neherdata.com</a>","dataDetectorType":"PKDataDetectorTypeLink"},{"key":"ndsgithub","label":"Neher Data Systems GitHub","attributedValue":"<a href='https://github.com/neherdata'>neherdata</a>","dataDetectorType":"PKDataDetectorTypeLink"},{"key":"tylergithub","label":"Tyler's GitHub","attributedValue":"<a href='https://github.com/tylermneher'>tylermneher</a>","dataDetectorType":"PKDataDetectorTypeLink"}]}}